read_order,cdr3_aa_2,sequence_aa_1_2,fr1_aa_1,cdr1_aa_1,cdr2_aa_1,cdr3_aa_1,cdr1_aa_2,cdr2_aa_2
0,ASRTG,EIVMTQSPATLSLSPGERATLSCRASQSLGSQLAWYQQKPGQAPRLLIYGESSRAPGIPARFSGSGSGTDFTLTISSMEPEDFAVYYCQQYLTTPRTFGGGTKVEIKQVQLVQSGAEVKKPGASVKVSCKVSGYTFTNHYIHWVRQAPGKGLEWMGGIDPKSGRTIYAQKFQGRVTMTEDTSTDTAYMELSSLKSEDTAVYYCASRTGTGQGTLVTVSS,EIVMTQSPATLSLSPGERATLSCRAS,QSLGSQ,GESSRAP,QQYLTTPRT,GYTFTNHY,IDPKSGRT
1,ARDMRFDWLLRNAFDI,DIQMTQSPSSVSASVGDRVTITCRASRGIGNDLAWYQQKPGKAPKLLIYSSNMRPSGVPSRFSGSGSGTDFTLTISSLQPEDFANYYCQQTYDPPLTFGGGTKVEIKQVQLVQSGAEVKKPGASVKVSCKVSGYMSTGYAISWVRQAPGKGLEWMGGMNPYSGATIYAQKFQGRVTMTEDTSTDTAYMELSSLKSEDTAVYYCARDMRFDWLLRNAFDIWGQGTMVTVSS,DIQMTQSPSSVSASVGDRVTITCRAS,RGIGND,SSNMRPS,QQTYDPPLT,GYMSTGYA,MNPYSGAT
2,ARDMRFDWLLRNAFDI,DIQMTQSPSSVSASVGDRVTITCRASRGIGNDLAWYQQKPGKAPKLLIYSSNMRPSGVPSRFSGSGSGTDFTLTISSLQPEDFANYYCQQTYDPPLTFGGGTKVEIKQVQLVQSGAEVKKPGASVKVSCKVSGYMSTGYAISWVRQAPGKGLEWMGGMNPYSGATIYAQKFQGRVTMTEDTSTDTAYMELSSLKSDDTAVYYCARDMRFDWLLRNAFDIWGQGTMVTVSS,DIQMTQSPSSVSASVGDRVTITCRAS,RGIGND,SSNMRPS,QQTYDPPLT,GYMSTGYA,MNPYSGAT
3,ARGHGDRGFDP,DIQMTQSPSSVSASVGDRVTITCRASQDIGKDLAWYQQKPGKAPKLLIYGASNLQPGVPSRFSGSGSGTDFTLTISSLQPEDFANYYCQQLYSGVTFGGGTKVEIKQVQLVQSGAEVKKPGASVKVSCKVSGFTFSTSTIHWVRQAPGKGLEWMGGINPIFGTAIYAQKFQGRVTMTEDTSTDTAYMELSSLKSEDTAVYYCARGHGDRGFDPWGQGTLVTVSS,DIQMTQSPSSVSASVGDRVTITCRAS,QDIGKD,GASNLQP,QQLYSGVT,GFTFSTST,INPIFGTA
4,ARAKKGRRGNAFDI,DIQMTQSPSSVSASVGDRVTITCRASQSIGKDLAWYQQKPGKAPKLLIYGAAKRANGVPSRFSGSGSGTDFTLTISSLQPEDFANYYCLQDYDTPFTFGGGTKVEIKQVQLVQSGAEVKKPGASVKVSCKVSGYTFIGSAIHWVRQAPGKGLEWMGGIIPIFDTENYAQKFQGRVTMTTDPSTSTAYMELRSLRSDDTAVYYCARAKKGRRGNAFDIWGQGTMVTVSS,DIQMTQSPSSVSASVGDRVTITCRAS,QSIGKD,GAAKRAN,LQDYDTPFT,GYTFIGSA,IIPIFDTE
5,ARGHGDRGFDP,DIQMTQSPSSVSASVGDRVTITCRASQYIGNDLAWYQQKPGKAPKLLIYAASTLASGVPSRFSGSGSGTDFTLTISSLQPEDFANYYCLQDYDTPFTFGGGTKVEIKQVQLVQSGAEVKKPGASVKVSCKVSGYTFIGSAIHWVRQAPGKGLEWMGGIIPTLDAAIYAQKFQGRVTMTEDTSTDTAYMELSSLKSEDTAVYYCARGHGDRGFDPWGQGTLVTVSS,DIQMTQSPSSVSASVGDRVTITCRAS,QYIGND,AASTLAS,LQDYDTPFT,GYTFIGSA,IIPTLDAA
6,ARGSRDHGAEGAFDI,DIQMTQSPSSVSASVGDRVTITCRASQSIGTDLAWYQQKPGKAPKLLIYAASNLQPGVPSRFSGSGSGTDFTLTISSLQPEDFANYYCQQHYSAPFTFGGGTKVEIKQVQLVQSGAEVKKPGASVKVSCKVSGYDFTSYGIHWVRQAPGKGLEWMGGITPIFHTAIYAQKFQGRVTMTEDTSTDTTYMELSSLKSEDTAVYYCARGSRDHGAEGAFDIWGQGTLVTVSS,DIQMTQSPSSVSASVGDRVTITCRAS,QSIGTD,AASNLQP,QQHYSAPFT,GYDFTSYG,ITPIFHTA
7,ARDLVVAGRGGLDAYDI,DIQMTQSPSSVSASVGDRVTITCRASQDIFNYLAWYQQKPGKAPKLLIYDTSRLQSGVPSRFSGSGSGTDFTLTISSLQPEDFANYYCQQYISYPRTFGGGTKVEIKQVQLVQSGAEVKKPGASVKVSCKVSGYPFTRYTIHWVRQAPGKGLEWMGGINPSSGTAIYAQKFQGRVTMTEDTSTDTAYMELSSLKSEDTAVYYCARDLVVAGRGGLDAYDIWGQGTTVTVSS,DIQMTQSPSSVSASVGDRVTITCRAS,QDIFNY,DTSRLQS,QQYISYPRT,GYPFTRYT,INPSSGTA
8,AILSDRDAFDI,DIQMTQSPSSVSASVGDRVTITCRASQDISNDLAWYQQKPGKAPKLLIYDVSKLESGVPSRFSGSGSGTDFTLTISSLQPEDFANYYCQQFDAYPLTFGGGTKVEIKQVQLVQSGAEVKKPGASVKVSCKVSGDTFTGYSIHWVRQAPGKGLEWMGGINPSGETTIYAQKFQGRVTMTEDTSTDTAYMELSSLKSEDTAVYYCAILSDRDAFDIWGQGTMVTVSS,DIQMTQSPSSVSASVGDRVTITCRAS,QDISND,DVSKLES,QQFDAYPLT,GDTFTGYS,INPSGETT
9,VKDLGTTVTKPLYFDY,DIQMTQSPSSVSASVGDRVTITCRASQGIRDRLAWYQQKPGKAPKLLIYDVNKRPSGVPSRFSGSGSGTDFTLTISSLQPEDFANYYCQQGYNDPYTFGGGTKVEIKQVQLVQSGAEVKKPGASVKVSCKVSGYTFTDRIHWVRQAPGKGLEWMGWVNPSGRINYAQKFQGRVTMTEDTSTDTAYMELSSLKSEDTAVYYCVKDLGTTVTKPLYFDYWGQGTLVTVSS,DIQMTQSPSSVSASVGDRVTITCRAS,QGIRDR,DVNKRPS,QQGYNDPYT,GYTFTDR,VNPSGRI
10,ARGSGYLNY,DIQMTQSPSSVSASVGDRVTITCRASQGIENDLAWYQQKPGKAPKLLIYEASKRFSGVPSRFSGSGSGTDFTLTISSLQPEDFANYYCQQSYSQLTFGGGTKVEIKQVQLVQSGAEVKKPGASVKVSCKVSDTPSPTTIHWVRQAPGKGLEWMGGINPMFGTAIYAQKFQGRVTMTEDTSTDTAYMELSSLKSEDTAVYYCARGSGYLNYWGQGTLVTVSS,DIQMTQSPSSVSASVGDRVTITCRAS,QGIEND,EASKRFS,QQSYSQLT,DTPSPTT,INPMFGTA
11,ARGSGYLNY,DIQMTQSPSSVSASVGDRVTITCRASQGIENDLAWYQQKPGKAPKLLIYEASKRFSGVPSRFSGSGSGTDFTLTISSLQPEDFANYYCQQSYSQLTFGGGTKVEIKQVQLVQSGAEVKKPGASVKVSCKVSDTPSPTTIHWVRQAPGKGLEWMGGINPMFGTAIYAQKFQGRVTMTEDTSTDTAYMELSSLKSEDTAVYYCARGSGYLNYWGQGTLVTVSS,DIQMTQSPSSVSASVGDRVTITCRAS,QGIEND,EASKRFS,QQSYSQLT,DTPSPTT,INPMFGTA
12,ARGSGYLNY,DIQMTQSPSSVSASVGDRVTITCRASQGIENDLAWYQQKPGKAPKLLIYEASKRFSGVPSRFSGSGSGTDFTLTISSLQPEDFANYYCQQSYSQLTFGGGTKVEIKQVQLVQSGAEVKKPGASVKVSCKVSDTPSPTTIHWVRQAPGKGLEWMGGINPMFGTAIYAQKFQGRVTMTEDTSTDTAYMELSSLKSEDTAVYYCARGSGYLNYWGQGTLVTVSS,DIQMTQSPSSVSASVGDRVTITCRAS,QGIEND,EASKRFS,QQSYSQLT,DTPSPTT,INPMFGTA
13,ARGVRGVAAFDY,ESALTQPASVSGSPGQSITISCTGTALSKQYVSWYQQHPGKAPKLMIYRDTQRPSGVSNRFSGSKSGNTASLTISGLQAEDEADYYCSSYTSSSLLMFGGGTKLTVLEVQLVQSGAEVKKPGASVKVSCKASGYTFGNHGISWVRQAPGQGLEWMGWMNPITGHTNYAQKLQGRGTMTTDPSTSTAYMELRSLRSDDTAVYYCARGVRGVAAFDYWGQGTLVTVSS,ESALTQPASVSGSPGQSITISCTGT,ALSKQY,RDTQRPS,SSYTSSSLLM,GYTFGNHG,MNPITGHT
14,ARAKKGRRGNAFDI,ESALTQPASVSGSPGQSITISCTGTDLGQKFVSWYQQHPGKAPKLMIYQDYKRPSGVSNRFSGSKSGNTASLTISGLQAEDEADYYCGTWDLSLSGWVFGGGTKLTVLEVQLVQSGAEVKKPGASVKVSCKASGHTFSGHYISWVRQAPGQGLEWMGWMNPDIGSTNYAQKLQGRGTMTTDPSTSTAYMELRSLRSDDTAVYYCARAKKGRRGNAFDIWGQGTMVTVSS,ESALTQPASVSGSPGQSITISCTGT,DLGQKF,QDYKRPS,GTWDLSLSGWV,GHTFSGHY,MNPDIGST
15,ARAKKGRRGNAFDI,ESALTQPASVSGSPGQSITISCTGTDLGQKFVSWYQQHPGKAPKLMIYQDYKRPSGVSNRFSGSKSGNTASLTISGLQAEDEADYYCGTWDLSLSGWVFGGGTKLTVLEVQLVQSGAEVKKPGASVKVSCKASGHTFSGHYISWVRQAPGQGLEWMGWMNPDIGSTNYAQKLQGRGTMTTDPSTSTAYMELRSLRSDDTAVYYCARAKKGRRGNAFDIWGQGTMVTVSS,ESALTQPASVSGSPGQSITISCTGT,DLGQKF,QDYKRPS,GTWDLSLSGWV,GHTFSGHY,MNPDIGST
