v_call,cdr1_aa,cdr2_aa,cdr3_aa,Redundancy
IGHV1-18,GYTFTNFG,ISAYNGNT,ARGGTPIDY,10
IGHV1-2,GYTFTGNY,INPRSGGT,VRGGGVDVVTPTRVVFDY,10
IGHV1-24,GYTLTELS,FDPEDGKT,VAGGTRWLQSPFDY,10
IGHV1-3,GYTFTSYA,INAGNGNT,ASGGDILTGSPPGGYYYYMDV,10
IGHV1-38-4,GYTFTGYY,INPGNGSP,ARSYPYSSSWEWFDP,10
IGHV1-45,GYTFTYRY,ITPFNGNT,ASSRVGYCSGGSCPGYFDY,10
IGHV1-46,GYTFPSYF,INPTGGST,ARTAARRFDY,10
IGHV1-58,GFTFTSSA,IVVGSGNT,AADPLYCSSTSCGSGLYYYYGMDV,10
IGHV1-68,GYTFTCCS,ITLYNGNT,ARVGRGYSGYDYGCYYYGMDV,10
IGHV1-69,GGIFSTYA,IIPLFGTP,ARDRDDYGSGNYYNRIDF,10
IGHV1-69-2,GYTFTDYY,VDPEDGET,ATIYDSSGD,10
IGHV1-8,GYTFTSYD,MNPNSGNT,AREMTTRGMDV,10
IGHV2-26,GFSLSNVTMG,IFSSDED,ARTVYCSGRRCYSAQGFYFDS,10
IGHV2-5,GFSATSSGVG,IYWDDAD,ARLLRGALAYYFDS,10
IGHV2-70,GFSLSTSGMC,IDWDDDK,ALCRSYGVEFDY,10
IGHV3-11,GFTFSDYY,ICDSGRTI,ARDRLGDYDHSGYYDK,10
IGHV3-13,GFTLSGYD,IGSAGDT,TRKTPTNGMAV,10
IGHV3-15,GFDFANAW,IKSITDGGAA,STDDLISY,10
IGHV3-19,GFTFSNSD,VSWNGSRT,VRVRWSITMIVVVISFYYYYGMDV,10
IGHV3-20,GFTFDDYG,INWNGGST,ARDRGYYYGSGSSKAVYYYGMDV,10
IGHV3-21,GFTFSSYS,ISSSSSYI,AREYQLLYRSLDY,10
IGHV3-22,GFTFSYYY,IRSKAYGGTT,TRDHDAAYYYDSSGYLSGWFDP,10
IGHV3-23,EFTFSSYA,ISGSGRFT,AKGFCSGATCPRDYYYYGMDV,10
IGHV3-25,KFTFSSYY,INPNGGNT,AGWRYRVYDYCDGSGPVTYGGCDI,10
IGHV3-30,GFTFSSYV,ISTDGTEK,VKDGGTLPNVVNYPFDI,10
IGHV3-30-3,GFTFSSYA,ISYDGSDK,ARDYYKYYDSSGYYRSPAY,10
IGHV3-33,GFSFSSFG,IHYDGSHE,ARDRGCATISCYFSGAFDY,10
IGHV3-35,GFTFSNSD,VSWNGSRT,VSEEKLLWFGELIPYYYYYGMDV,10
IGHV3-38,TVSSNE,ISGGST,VRDAGRRHGYNYLGYFDY,10
IGHV3-38-3,GFTVSSNE,ISGGST,KSYGGTYSRMVRGVIITDGCWFDP,10
IGHV3-43,GFFFDDYA,ISGDAVNT,AKDISSITNRDLEY,10
IGHV3-43D,GFTFEDYA,INWEGTVT,AKGGRAGPMTSFDY,10
IGHV3-47,GFAFSSYV,IGTGGDT,ARGLQGERGRGYCSSTSCYRGALAARYYYYGMDV,10
IGHV3-48,GFTFSSYS,ISSGGTI,ARVLKGLVGATPDY,10
IGHV3-49,GFTFGDFA,LKNKALGGTL,TRWKGAQSIFDY,10
IGHV3-52,GFTFSSSW,IKCDGSEK,VRWEGTNGVCYLPYYYYGMDV,10
IGHV3-53,GFSVSRNY,VYSGGAT,ARVPGRL,10
IGHV3-64,GFTFSSYA,ISSNGGST,ARGVVVVVATYGMDV,10
IGHV3-64D,GFTFSSYS,ISGDGHST,AKGNYDVLTGYYGPSFEY,10
IGHV3-66,GFTVRSNF,IYAGGTT,ARGPDIVIRD,10
IGHV3-69-1,GFPFSDYA,ISRSSYI,AKSSCSGGSCYFQD,10
IGHV3-7,GFTFSAYW,IKTDGSEK,ARPVRGSPEDV,10
IGHV3-71,GFIFSDYN,IRSNGNGGTT,ARLNVVLPSPMLGAKAYYGLDV,10
IGHV3-72,GFSLSDHY,IKNEAYSYTT,ADLTWNGYYLP,10
IGHV3-73,GFAFSDST,IRGKRNNYAA,TRSAGHFGVPPQGGVYYLYYMDV,10
IGHV3-74,GFTFNYYW,IHSDGSST,ARGDKGGFDL,10
IGHV3-9,GFTFDDYA,ISWNSDFI,AKDRGSPIFGVVDVLKFYYQDMDV,10
IGHV3-NL1,GFTFSSYG,INTSGGST,AKPADSYGSEFYFDY,10
IGHV4-28,GYSIRSSNW,IYYSGST,AKKGDGSGWPIDY,10
IGHV4-30-2,GASITFGGYS,INHLETT,ARGGGSDSFDY,10
IGHV4-30-4,GGSISSGNYY,ISYSGST,ATMGTPATGLYFFDY,10
IGHV4-31,GVSINGGRYY,IFYSANT,ARLGSGDYFPTFFDF,10
IGHV4-34,GGSFSGYY,INHSGST,ARIYVLLWFGDPERAFDI,10
IGHV4-38-2,AYSISSGYY,IYHSGTT,ARTGYCSGGSCYSDY,10
IGHV4-39,NDSVSNTFYY,IYYSGST,TRHWAVVAANNWFDP,10
IGHV4-4,GDSISSSY,IHSTGGS,VRGVAAVGTDWFDP,10
IGHV4-55,W,VHHSGST,ARHEYSGYDLDPDLDY,10
IGHV4-59,GASISSHY,IYYRGGA,ARLLDSSDWGWFDP,10
IGHV4-61,GGSVRSGSYS,VSYSGRT,ARANNDFPKKGPFDS,10
IGHV5-10-1,GYNFLNYW,IDPVDSQT,ASGFCNTPSCYIGVLDH,10
IGHV5-51,GYSFTNYW,IYPGDSDT,ARPRSRGYRDAFDI,10
IGHV5-78,GYSFTSYW,IYPGNSDT,ARGGQWLPWDY,10
IGHV6-1,GDSVSSDGAA,TYYRSTWSTWNY,ACNRGQAGVGY,10
IGHV7-4-1,GYTFTSYA,INTNTGNP,ARAEVSCSGSTCFSY,10
IGHV7-81,GYTFTTAG,INTHSGVP,ARWEAYYGDAMDY,10
